<?xml version="1.0" encoding="UTF-8"?>
<project-private xmlns="http://www.netbeans.org/ns/project-private/1">
    <editor-bookmarks xmlns="http://www.netbeans.org/ns/editor-bookmarks/2" lastBookmarkId="0"/>
    <open-files xmlns="http://www.netbeans.org/ns/projectui-open-files/2">
        <group>
            <file>file:/C:/Users/HP/Documents/GitHub/Electronica-Digital-2/Mini_Proyecto_2/MPI2C_COM.X/mcu_16f887.c</file>
            <file>file:/C:/Users/HP/Documents/GitHub/Electronica-Digital-2/Mini_Proyecto_2/MPI2C_COM.X/I2C_Library.c</file>
            <file>file:/C:/Users/HP/Documents/GitHub/Electronica-Digital-2/Mini_Proyecto_2/MPI2C_COM.X/UART_Library.c</file>
        </group>
    </open-files>
</project-private>
