<?xml version="1.0" encoding="UTF-8"?>
<project-private xmlns="http://www.netbeans.org/ns/project-private/1">
    <editor-bookmarks xmlns="http://www.netbeans.org/ns/editor-bookmarks/2" lastBookmarkId="0"/>
    <open-files xmlns="http://www.netbeans.org/ns/projectui-open-files/2">
        <group>
            <file>file:/C:/Users/HP/Documents/GitHub/Electronica-Digital-2/Lab2/Laboratorio_2.X/tabla_7seg.h</file>
            <file>file:/C:/Users/HP/Documents/GitHub/Electronica-Digital-2/Lab2/Laboratorio_2.X/tabla_7seg.c</file>
            <file>file:/C:/Users/HP/Documents/GitHub/Electronica-Digital-2/Lab2/Laboratorio_2.X/adc_interrupciones_librerias.c</file>
        </group>
    </open-files>
</project-private>
